{
  "weights": [
    0.6666666666666666,
    0.16666666666666666,
    0.16666666666666666
  ],
  "eval_recall_at_10_on_subset": 0.11012301587301516,
  "note": "late fusion has no single vector; weights used at scoring time"
}